ts-5,open,close,low,high,index
2022-08-24 12:35:00,21451.69,21446.89,21443.87,21464.87,0
2022-08-24 12:40:00,21443.79,21432.22,21419.48,21461.64,1
2022-08-24 12:45:00,21433.24,21432.76,21422.3,21449.37,2
2022-08-24 12:50:00,21434.29,21473.47,21422.32,21510.19,3
2022-08-24 12:55:00,21473.58,21488.95,21471.67,21496.53,4
2022-08-24 13:00:00,21486.16,21484.97,21475.14,21508.03,5
2022-08-24 13:05:00,21486.02,21488.05,21477.95,21511.18,6
2022-08-24 13:10:00,21486.07,21467.64,21461.92,21492.94,7
2022-08-24 13:15:00,21469.48,21455.05,21452.77,21476.83,8
2022-08-24 13:20:00,21455.22,21447.01,21441.11,21472.58,9
2022-08-24 13:25:00,21447.01,21437.3,21427.67,21460.44,10
2022-08-24 13:30:00,21437.31,21378.69,21376.25,21456.6,11
2022-08-24 13:35:00,21377.86,21477.63,21368.94,21479.27,12
2022-08-24 13:40:00,21474.38,21470.64,21448.82,21487.1,13
2022-08-24 13:45:00,21471.12,21447.42,21421.63,21484.81,14
2022-08-24 13:50:00,21446.86,21443.31,21430.09,21484.2,15
2022-08-24 13:55:00,21443.24,21437.05,21417.39,21451.83,16
2022-08-24 14:00:00,21440.31,21411.74,21401.88,21480.59,17
2022-08-24 14:05:00,21409.87,21416.03,21401.95,21447.45,18
2022-08-24 14:10:00,21416.72,21453.65,21415.29,21466.86,19
2022-08-24 14:15:00,21454.14,21486.44,21446.92,21489.11,20
2022-08-24 14:20:00,21487.25,21507.02,21469.01,21507.02,21
2022-08-24 14:25:00,21506.16,21529.67,21500.01,21560.42,22
2022-08-24 14:30:00,21531.55,21519.4,21499.57,21555.21,23
2022-08-24 14:35:00,21519.41,21491.68,21483.85,21540.66,24
2022-08-24 14:40:00,21490.88,21465.77,21453.54,21497.9,25
2022-08-24 14:45:00,21465.94,21483.06,21453.56,21486.0,26
2022-08-24 14:50:00,21483.66,21464.79,21460.67,21486.14,27
2022-08-24 14:55:00,21465.62,21467.65,21451.73,21489.2,28
2022-08-24 15:00:00,21466.94,21472.17,21453.45,21492.51,29
2022-08-24 15:05:00,21472.17,21502.17,21470.41,21508.01,30
2022-08-24 15:10:00,21502.17,21544.26,21484.45,21544.96,31
2022-08-24 15:15:00,21544.05,21551.27,21527.76,21593.4,32
2022-08-24 15:20:00,21551.27,21586.86,21548.82,21587.94,33
2022-08-24 15:25:00,21586.42,21594.48,21573.22,21616.49,34
2022-08-24 15:30:00,21590.16,21573.63,21552.4,21601.26,35
2022-08-24 15:35:00,21574.47,21558.81,21554.45,21587.27,36
2022-08-24 15:40:00,21560.5,21583.7,21551.84,21586.4,37
2022-08-24 15:45:00,21583.68,21573.61,21570.53,21599.96,38
2022-08-24 15:50:00,21573.64,21632.63,21566.99,21648.72,39
2022-08-24 15:55:00,21632.74,21623.3,21587.4,21641.99,40
2022-08-24 16:00:00,21623.26,21668.97,21611.18,21677.0,41
2022-08-24 16:05:00,21670.79,21888.08,21669.46,21890.0,42
2022-08-24 16:10:00,21886.69,21813.28,21780.07,21925.0,43
2022-08-24 16:15:00,21811.4,21788.27,21734.4,21827.96,44
2022-08-24 16:20:00,21790.78,21749.28,21722.02,21793.13,45
2022-08-24 16:25:00,21748.8,21750.45,21740.72,21804.27,46
2022-08-24 16:30:00,21751.59,21784.39,21741.72,21787.82,47
2022-08-24 16:35:00,21783.93,21709.9,21694.41,21783.93,48
2022-08-24 16:40:00,21710.04,21690.44,21668.67,21714.89,49
2022-08-24 16:45:00,21689.24,21715.99,21679.87,21732.53,50
2022-08-24 16:50:00,21716.02,21720.22,21688.06,21731.56,51
2022-08-24 16:55:00,21721.38,21716.45,21713.61,21737.85,52
2022-08-24 17:00:00,21715.78,21716.22,21701.41,21735.14,53
2022-08-24 17:05:00,21716.22,21762.17,21712.41,21781.13,54
2022-08-24 17:10:00,21761.76,21748.03,21733.72,21767.75,55
2022-08-24 17:15:00,21749.01,21711.98,21711.98,21766.7,56
2022-08-24 17:20:00,21713.55,21650.4,21645.42,21723.52,57
2022-08-24 17:25:00,21651.88,21642.67,21626.65,21673.27,58
2022-08-24 17:30:00,21640.06,21664.08,21638.8,21675.26,59
2022-08-24 17:35:00,21664.08,21643.55,21621.23,21669.3,60
2022-08-24 17:40:00,21642.22,21643.33,21627.51,21653.99,61
2022-08-24 17:45:00,21642.28,21646.14,21623.01,21656.16,62
2022-08-24 17:50:00,21645.19,21608.29,21604.63,21650.93,63
2022-08-24 17:55:00,21606.21,21632.45,21604.94,21637.69,64
2022-08-24 18:00:00,21632.36,21648.71,21623.12,21655.05,65
2022-08-24 18:05:00,21647.79,21674.12,21627.52,21682.45,66
2022-08-24 18:10:00,21672.87,21666.09,21657.37,21684.77,67
2022-08-24 18:15:00,21666.04,21695.65,21664.95,21703.5,68
2022-08-24 18:20:00,21694.22,21703.51,21685.59,21712.14,69
2022-08-24 18:25:00,21703.02,21699.1,21693.67,21728.16,70
2022-08-24 18:30:00,21699.48,21676.97,21660.45,21702.28,71
2022-08-24 18:35:00,21677.0,21677.26,21668.74,21689.28,72
2022-08-24 18:40:00,21677.94,21697.12,21675.4,21706.03,73
2022-08-24 18:45:00,21697.79,21663.33,21663.33,21700.74,74
2022-08-24 18:50:00,21664.42,21681.48,21657.48,21685.0,75
2022-08-24 18:55:00,21682.62,21673.86,21661.94,21688.96,76
2022-08-24 19:00:00,21673.89,21686.21,21671.14,21695.27,77
2022-08-24 19:05:00,21686.21,21722.67,21685.16,21732.81,78
2022-08-24 19:10:00,21723.11,21750.32,21711.26,21758.55,79
2022-08-24 19:15:00,21753.5,21754.39,21736.48,21761.49,80
2022-08-24 19:20:00,21754.04,21757.09,21726.93,21759.69,81
2022-08-24 19:25:00,21756.93,21748.41,21739.63,21778.67,82
2022-08-24 19:30:00,21749.56,21785.27,21742.22,21788.93,83
2022-08-24 19:35:00,21782.8,21797.28,21773.03,21808.49,84
2022-08-24 19:40:00,21796.44,21782.89,21773.24,21810.87,85
2022-08-24 19:45:00,21780.48,21775.93,21753.22,21785.44,86
2022-08-24 19:50:00,21775.91,21730.18,21720.59,21781.1,87
2022-08-24 19:55:00,21729.36,21711.17,21701.0,21740.25,88
2022-08-24 20:00:00,21710.33,21708.31,21700.0,21739.02,89
2022-08-24 20:05:00,21705.02,21687.65,21677.61,21709.02,90
2022-08-24 20:10:00,21686.16,21712.16,21680.73,21718.1,91
2022-08-24 20:15:00,21712.15,21744.26,21706.34,21765.11,92
2022-08-24 20:20:00,21744.4,21730.25,21695.78,21754.3,93
2022-08-24 20:25:00,21728.67,21714.78,21709.47,21732.01,94
2022-08-24 20:30:00,21714.8,21702.6,21701.89,21729.28,95
2022-08-24 20:35:00,21699.79,21700.27,21693.51,21722.33,96
2022-08-24 20:40:00,21700.27,21710.62,21692.05,21718.85,97
2022-08-24 20:45:00,21712.73,21712.94,21702.29,21720.61,98
2022-08-24 20:50:00,21713.31,21704.76,21702.84,21729.78,99
2022-08-24 20:55:00,21704.38,21692.96,21679.6,21707.0,100
2022-08-24 21:00:00,21693.77,21687.87,21679.4,21703.78,101
2022-08-24 21:05:00,21687.81,21670.42,21667.36,21691.71,102
2022-08-24 21:10:00,21669.56,21679.0,21663.69,21689.93,103
2022-08-24 21:15:00,21679.0,21703.92,21672.33,21707.25,104
2022-08-24 21:20:00,21703.91,21707.75,21685.71,21711.78,105
2022-08-24 21:25:00,21707.76,21709.67,21704.94,21721.83,106
2022-08-24 21:30:00,21709.62,21671.91,21667.51,21711.98,107
2022-08-24 21:35:00,21671.37,21700.42,21670.59,21704.4,108
2022-08-24 21:40:00,21699.85,21692.75,21680.78,21706.76,109
2022-08-24 21:45:00,21691.25,21675.5,21673.01,21694.96,110
2022-08-24 21:50:00,21675.5,21679.07,21662.17,21690.53,111
2022-08-24 21:55:00,21679.17,21591.55,21541.88,21679.91,112
2022-08-24 22:00:00,21592.14,21561.27,21544.25,21655.01,113
2022-08-24 22:05:00,21561.23,21557.13,21539.53,21591.07,114
2022-08-24 22:10:00,21557.11,21570.4,21533.38,21579.07,115
2022-08-24 22:15:00,21572.47,21518.81,21508.52,21573.83,116
2022-08-24 22:20:00,21517.99,21496.8,21492.45,21533.57,117
2022-08-24 22:25:00,21496.79,21508.88,21460.0,21526.93,118
2022-08-24 22:30:00,21506.46,21490.43,21450.0,21520.5,119
2022-08-24 22:35:00,21492.96,21495.16,21486.87,21521.43,120
2022-08-24 22:40:00,21496.1,21534.23,21489.86,21538.0,121
2022-08-24 22:45:00,21534.22,21500.2,21499.9,21539.21,122
2022-08-24 22:50:00,21500.56,21488.55,21480.0,21515.64,123
2022-08-24 22:55:00,21488.86,21491.93,21483.56,21508.16,124
2022-08-24 23:00:00,21491.76,21497.97,21476.75,21523.22,125
2022-08-24 23:05:00,21499.04,21489.33,21481.45,21503.35,126
2022-08-24 23:10:00,21487.04,21502.47,21477.05,21508.47,127
2022-08-24 23:15:00,21503.01,21518.41,21498.02,21526.74,128
2022-08-24 23:20:00,21519.59,21505.84,21501.76,21532.05,129
2022-08-24 23:25:00,21505.82,21486.21,21451.51,21505.82,130
2022-08-24 23:30:00,21486.03,21432.87,21412.2,21492.79,131
2022-08-24 23:35:00,21434.28,21446.83,21425.72,21458.49,132
2022-08-24 23:40:00,21449.15,21386.88,21371.87,21458.32,133
2022-08-24 23:45:00,21385.13,21373.02,21360.32,21410.75,134
2022-08-24 23:50:00,21372.5,21369.15,21363.65,21385.16,135
2022-08-24 23:55:00,21366.01,21367.12,21358.14,21388.5,136
2022-08-25 00:00:00,21367.12,21367.2,21322.16,21372.51,137
2022-08-25 00:05:00,21365.98,21397.74,21361.1,21405.4,138
2022-08-25 00:10:00,21396.45,21318.11,21316.59,21402.43,139
2022-08-25 00:15:00,21318.04,21359.74,21307.32,21373.11,140
2022-08-25 00:20:00,21359.63,21353.6,21332.54,21370.66,141
2022-08-25 00:25:00,21356.11,21356.99,21348.84,21371.11,142
2022-08-25 00:30:00,21355.95,21427.31,21351.54,21441.81,143
2022-08-25 00:35:00,21427.01,21446.39,21417.1,21454.04,144
2022-08-25 00:40:00,21446.23,21455.69,21435.5,21468.87,145
2022-08-25 00:45:00,21455.35,21475.4,21449.57,21487.21,146
2022-08-25 00:50:00,21473.94,21481.8,21462.67,21485.0,147
2022-08-25 00:55:00,21481.12,21480.0,21464.02,21482.84,148
2022-08-25 01:00:00,21480.86,21494.45,21462.73,21516.04,149
2022-08-25 01:05:00,21494.35,21490.32,21476.85,21523.12,150
2022-08-25 01:10:00,21491.91,21494.77,21489.32,21508.34,151
2022-08-25 01:15:00,21494.52,21533.68,21484.1,21541.62,152
2022-08-25 01:20:00,21533.01,21533.51,21517.82,21550.78,153
2022-08-25 01:25:00,21532.5,21539.94,21528.72,21563.46,154
2022-08-25 01:30:00,21537.5,21593.2,21537.47,21612.95,155
2022-08-25 01:35:00,21590.75,21601.49,21589.27,21638.25,156
2022-08-25 01:40:00,21602.31,21626.83,21592.96,21637.25,157
2022-08-25 01:45:00,21626.86,21609.98,21586.8,21627.91,158
2022-08-25 01:50:00,21608.18,21571.42,21563.99,21617.62,159
2022-08-25 01:55:00,21574.29,21553.55,21540.34,21578.82,160
2022-08-25 02:00:00,21553.47,21565.97,21533.57,21571.3,161
2022-08-25 02:05:00,21565.88,21547.41,21538.95,21580.26,162
2022-08-25 02:10:00,21547.49,21532.72,21531.1,21556.4,163
2022-08-25 02:15:00,21532.63,21535.44,21523.31,21552.96,164
2022-08-25 02:20:00,21537.05,21533.29,21518.49,21544.7,165
2022-08-25 02:25:00,21531.5,21528.25,21523.23,21543.15,166
2022-08-25 02:30:00,21526.2,21535.1,21508.63,21545.02,167
2022-08-25 02:35:00,21533.76,21530.07,21514.3,21534.98,168
2022-08-25 02:40:00,21530.06,21547.06,21523.31,21557.45,169
2022-08-25 02:45:00,21547.01,21533.09,21521.18,21548.28,170
2022-08-25 02:50:00,21533.08,21529.97,21512.94,21536.25,171
2022-08-25 02:55:00,21529.9,21525.94,21516.57,21543.41,172
2022-08-25 03:00:00,21526.05,21517.27,21513.3,21540.8,173
2022-08-25 03:05:00,21514.37,21560.74,21483.7,21563.14,174
2022-08-25 03:10:00,21557.11,21575.0,21546.87,21575.0,175
2022-08-25 03:15:00,21574.47,21554.06,21549.86,21596.38,176
2022-08-25 03:20:00,21554.06,21526.4,21526.07,21560.18,177
2022-08-25 03:25:00,21526.4,21526.78,21508.75,21533.29,178
2022-08-25 03:30:00,21526.87,21446.11,21439.25,21531.3,179
2022-08-25 03:35:00,21445.12,21487.41,21423.0,21488.14,180
2022-08-25 03:40:00,21485.44,21475.77,21470.56,21504.49,181
2022-08-25 03:45:00,21475.77,21466.87,21461.72,21486.63,182
2022-08-25 03:50:00,21466.83,21472.72,21454.99,21478.99,183
2022-08-25 03:55:00,21471.28,21466.92,21447.59,21476.44,184
2022-08-25 04:00:00,21466.8,21483.88,21459.41,21491.3,185
2022-08-25 04:05:00,21483.81,21503.76,21480.75,21515.44,186
2022-08-25 04:10:00,21503.66,21526.73,21501.38,21536.49,187
2022-08-25 04:15:00,21526.69,21524.63,21500.0,21530.1,188
2022-08-25 04:20:00,21524.63,21510.62,21503.31,21531.0,189
2022-08-25 04:25:00,21509.55,21522.55,21501.92,21532.86,190
2022-08-25 04:30:00,21522.66,21562.35,21516.69,21562.35,191
2022-08-25 04:35:00,21560.75,21542.69,21539.54,21562.34,192
2022-08-25 04:40:00,21542.57,21531.81,21527.2,21554.15,193
2022-08-25 04:45:00,21530.58,21540.15,21524.01,21543.89,194
2022-08-25 04:50:00,21540.16,21527.68,21516.33,21543.5,195
2022-08-25 04:55:00,21526.98,21540.85,21522.93,21543.23,196
2022-08-25 05:00:00,21540.83,21543.83,21533.3,21562.81,197
2022-08-25 05:05:00,21543.32,21531.27,21531.15,21553.33,198
2022-08-25 05:10:00,21533.26,21547.49,21529.14,21551.54,199
2022-08-25 05:15:00,21547.55,21553.81,21536.84,21556.69,200
2022-08-25 05:20:00,21553.09,21539.97,21533.08,21560.23,201
2022-08-25 05:25:00,21541.32,21532.44,21521.79,21549.03,202
2022-08-25 05:30:00,21530.69,21502.07,21500.0,21533.05,203
2022-08-25 05:35:00,21501.96,21505.92,21492.69,21514.6,204
2022-08-25 05:40:00,21505.95,21534.03,21501.57,21534.45,205
2022-08-25 05:45:00,21533.86,21553.56,21529.39,21568.82,206
2022-08-25 05:50:00,21551.48,21573.82,21547.28,21590.61,207
2022-08-25 05:55:00,21574.45,21560.14,21555.49,21574.99,208
2022-08-25 06:00:00,21560.14,21559.64,21549.31,21580.58,209
2022-08-25 06:05:00,21561.91,21563.85,21558.58,21579.58,210
2022-08-25 06:10:00,21564.16,21596.0,21562.0,21596.06,211
2022-08-25 06:15:00,21594.62,21705.76,21590.55,21733.4,212
2022-08-25 06:20:00,21706.93,21676.61,21661.63,21748.12,213
2022-08-25 06:25:00,21671.65,21645.12,21637.65,21695.18,214
2022-08-25 06:30:00,21647.39,21708.72,21643.64,21716.7,215
2022-08-25 06:35:00,21710.27,21676.13,21659.05,21715.71,216
2022-08-25 06:40:00,21678.48,21711.78,21669.71,21715.79,217
2022-08-25 06:45:00,21712.71,21687.24,21675.68,21734.08,218
2022-08-25 06:50:00,21686.47,21703.8,21673.6,21706.27,219
2022-08-25 06:55:00,21702.38,21689.06,21681.06,21704.01,220
2022-08-25 07:00:00,21689.38,21711.85,21670.46,21716.92,221
2022-08-25 07:05:00,21709.99,21731.52,21687.48,21759.43,222
2022-08-25 07:10:00,21730.28,21737.79,21715.62,21755.61,223
2022-08-25 07:15:00,21735.32,21732.14,21708.93,21753.39,224
2022-08-25 07:20:00,21733.89,21715.37,21704.6,21733.9,225
2022-08-25 07:25:00,21715.37,21714.56,21696.62,21731.93,226
2022-08-25 07:30:00,21713.94,21691.82,21686.21,21717.28,227
2022-08-25 07:35:00,21691.42,21716.45,21683.4,21717.9,228
2022-08-25 07:40:00,21719.0,21722.78,21710.28,21750.55,229
2022-08-25 07:45:00,21722.79,21731.18,21717.36,21745.52,230
2022-08-25 07:50:00,21731.23,21724.03,21721.67,21762.0,231
2022-08-25 07:55:00,21722.81,21742.88,21716.42,21747.0,232
2022-08-25 08:00:00,21741.33,21761.86,21734.76,21783.75,233
2022-08-25 08:05:00,21764.1,21770.48,21759.45,21814.68,234
2022-08-25 08:10:00,21769.99,21749.92,21748.86,21818.32,235
2022-08-25 08:15:00,21749.8,21729.09,21700.97,21757.54,236
2022-08-25 08:20:00,21727.6,21729.91,21722.48,21755.14,237
2022-08-25 08:25:00,21730.85,21729.52,21708.38,21748.31,238
2022-08-25 08:30:00,21729.36,21715.21,21710.23,21740.78,239
2022-08-25 08:35:00,21713.22,21723.51,21702.67,21732.84,240
2022-08-25 08:40:00,21723.91,21707.18,21699.94,21738.7,241
2022-08-25 08:45:00,21707.18,21716.38,21699.27,21720.5,242
2022-08-25 08:50:00,21718.03,21685.31,21685.31,21722.45,243
2022-08-25 08:55:00,21685.38,21685.18,21679.19,21703.55,244
2022-08-25 09:00:00,21684.98,21688.65,21677.36,21708.15,245
2022-08-25 09:05:00,21687.23,21680.42,21674.53,21712.3,246
2022-08-25 09:10:00,21680.12,21673.27,21664.65,21684.4,247
2022-08-25 09:15:00,21673.89,21667.68,21659.51,21676.98,248
2022-08-25 09:20:00,21668.75,21671.43,21664.89,21691.96,249
2022-08-25 09:25:00,21672.21,21653.53,21648.03,21675.72,250
2022-08-25 09:30:00,21651.57,21648.38,21630.72,21665.44,251
2022-08-25 09:35:00,21647.55,21648.2,21639.54,21664.37,252
2022-08-25 09:40:00,21648.97,21685.45,21639.6,21690.05,253
2022-08-25 09:45:00,21685.27,21667.69,21660.57,21695.89,254
2022-08-25 09:50:00,21666.47,21701.65,21659.7,21718.84,255
2022-08-25 09:55:00,21701.65,21702.61,21694.0,21722.75,256
2022-08-25 10:00:00,21704.41,21678.55,21673.1,21716.06,257
2022-08-25 10:05:00,21678.12,21684.97,21669.16,21690.81,258
2022-08-25 10:10:00,21683.82,21708.45,21680.73,21711.94,259
2022-08-25 10:15:00,21708.45,21693.92,21684.44,21710.67,260
2022-08-25 10:20:00,21694.59,21707.4,21689.04,21718.84,261
2022-08-25 10:25:00,21704.95,21709.5,21698.11,21711.59,262
2022-08-25 10:30:00,21709.5,21713.54,21683.1,21714.6,263
2022-08-25 10:35:00,21712.88,21701.66,21684.13,21715.75,264
2022-08-25 10:40:00,21701.04,21704.17,21687.01,21710.35,265
2022-08-25 10:45:00,21704.1,21660.72,21659.68,21705.85,266
2022-08-25 10:50:00,21662.95,21629.89,21611.74,21668.04,267
2022-08-25 10:55:00,21629.01,21619.83,21618.0,21645.82,268
2022-08-25 11:00:00,21618.48,21640.75,21610.0,21643.66,269
2022-08-25 11:05:00,21638.58,21651.65,21633.18,21658.21,270
2022-08-25 11:10:00,21653.72,21699.88,21650.32,21703.16,271
2022-08-25 11:15:00,21698.58,21689.9,21676.13,21726.72,272
2022-08-25 11:20:00,21688.24,21693.68,21665.95,21697.43,273
2022-08-25 11:25:00,21693.89,21707.37,21692.74,21716.3,274
2022-08-25 11:30:00,21709.18,21684.01,21677.39,21712.8,275
2022-08-25 11:35:00,21684.84,21705.95,21683.84,21712.03,276
2022-08-25 11:40:00,21706.44,21694.68,21686.26,21716.55,277
2022-08-25 11:45:00,21694.82,21710.48,21684.04,21717.17,278
2022-08-25 11:50:00,21708.46,21708.98,21702.21,21724.75,279
2022-08-25 11:55:00,21711.69,21720.19,21707.52,21738.24,280
2022-08-25 12:00:00,21721.67,21737.99,21710.66,21778.57,281
2022-08-25 12:05:00,21739.35,21716.86,21708.9,21747.07,282
2022-08-25 12:10:00,21717.36,21696.7,21694.41,21725.42,283
2022-08-25 12:15:00,21696.51,21664.39,21654.45,21697.17,284
2022-08-25 12:20:00,21663.73,21657.38,21638.5,21671.5,285
2022-08-25 12:25:00,21654.71,21665.6,21644.25,21679.09,286
2022-08-25 12:30:00,21665.64,21665.95,21619.97,21678.15,287
2022-08-25 12:35:00,21666.02,21730.71,21662.07,21734.85,288
2022-08-25 12:40:00,21731.19,21666.25,21658.23,21736.19,289
2022-08-25 12:45:00,21663.17,21651.78,21637.58,21691.64,290
2022-08-25 12:50:00,21650.44,21678.2,21640.08,21685.75,291
2022-08-25 12:55:00,21678.08,21674.81,21655.62,21680.48,292
2022-08-25 13:00:00,21672.83,21661.36,21642.61,21675.68,293
2022-08-25 13:05:00,21659.29,21612.36,21580.01,21661.94,294
2022-08-25 13:10:00,21609.21,21622.12,21594.65,21625.18,295
2022-08-25 13:15:00,21622.11,21582.2,21569.12,21622.11,296
2022-08-25 13:20:00,21580.56,21611.23,21574.43,21616.25,297
2022-08-25 13:25:00,21612.83,21626.43,21608.19,21650.04,298
2022-08-25 13:30:00,21627.92,21609.07,21594.09,21645.61,299
2022-08-25 13:35:00,21606.4,21634.61,21599.03,21653.66,300
2022-08-25 13:40:00,21636.39,21614.78,21600.0,21645.25,301
2022-08-25 13:45:00,21615.13,21633.05,21607.72,21655.13,302
2022-08-25 13:50:00,21634.78,21666.92,21609.45,21680.32,303
2022-08-25 13:55:00,21666.92,21708.83,21660.35,21738.77,304
2022-08-25 14:00:00,21708.63,21716.56,21707.51,21757.6,305
2022-08-25 14:05:00,21718.61,21678.93,21666.22,21723.62,306
2022-08-25 14:10:00,21678.46,21692.73,21665.0,21697.37,307
2022-08-25 14:15:00,21693.77,21666.53,21661.95,21704.38,308
2022-08-25 14:20:00,21665.72,21709.36,21657.06,21715.94,309
2022-08-25 14:25:00,21709.33,21690.13,21671.48,21728.58,310
2022-08-25 14:30:00,21691.91,21721.21,21691.6,21744.44,311
2022-08-25 14:35:00,21722.79,21753.09,21714.35,21761.74,312
2022-08-25 14:40:00,21753.09,21737.0,21733.01,21756.32,313
2022-08-25 14:45:00,21733.69,21723.63,21706.37,21748.55,314
2022-08-25 14:50:00,21724.88,21687.45,21683.33,21727.31,315
2022-08-25 14:55:00,21685.16,21658.33,21641.2,21685.23,316
2022-08-25 15:00:00,21658.1,21651.54,21636.59,21670.0,317
2022-08-25 15:05:00,21651.31,21645.1,21635.2,21653.95,318
2022-08-25 15:10:00,21645.09,21628.71,21625.72,21654.89,319
2022-08-25 15:15:00,21631.23,21596.75,21590.47,21636.86,320
2022-08-25 15:20:00,21596.87,21526.8,21500.0,21596.91,321
2022-08-25 15:25:00,21526.83,21533.32,21483.19,21556.18,322
2022-08-25 15:30:00,21533.76,21557.37,21519.14,21585.66,323
2022-08-25 15:35:00,21556.32,21558.95,21550.0,21586.35,324
2022-08-25 15:40:00,21558.71,21572.73,21549.65,21587.62,325
2022-08-25 15:45:00,21571.87,21581.99,21554.41,21590.74,326
2022-08-25 15:50:00,21584.98,21556.58,21538.51,21593.94,327
2022-08-25 15:55:00,21556.58,21565.29,21532.63,21572.53,328
2022-08-25 16:00:00,21566.65,21555.33,21533.55,21572.89,329
2022-08-25 16:05:00,21553.79,21567.15,21538.98,21591.21,330
2022-08-25 16:10:00,21564.13,21510.48,21502.06,21573.81,331
2022-08-25 16:15:00,21509.16,21550.63,21482.41,21558.68,332
2022-08-25 16:20:00,21552.92,21505.34,21496.57,21562.99,333
2022-08-25 16:25:00,21505.33,21541.2,21497.34,21544.78,334
2022-08-25 16:30:00,21541.19,21538.45,21517.32,21548.76,335
2022-08-25 16:35:00,21536.45,21541.41,21531.34,21555.18,336
2022-08-25 16:40:00,21541.66,21515.6,21493.36,21544.09,337
2022-08-25 16:45:00,21516.43,21433.87,21421.12,21519.24,338
2022-08-25 16:50:00,21434.25,21441.61,21425.34,21463.91,339
2022-08-25 16:55:00,21441.64,21444.96,21432.92,21459.06,340
2022-08-25 17:00:00,21442.86,21469.03,21429.05,21477.32,341
2022-08-25 17:05:00,21470.21,21459.67,21456.61,21493.58,342
2022-08-25 17:10:00,21461.92,21466.55,21449.47,21473.65,343
2022-08-25 17:15:00,21463.58,21520.17,21459.03,21522.07,344
2022-08-25 17:20:00,21519.56,21527.78,21498.43,21531.06,345
2022-08-25 17:25:00,21527.78,21525.64,21506.23,21530.64,346
2022-08-25 17:30:00,21525.64,21564.89,21525.06,21569.6,347
2022-08-25 17:35:00,21565.0,21563.75,21557.57,21598.39,348
2022-08-25 17:40:00,21564.43,21570.06,21554.45,21586.49,349
2022-08-25 17:45:00,21570.03,21563.39,21557.4,21586.74,350
2022-08-25 17:50:00,21563.81,21567.98,21533.84,21571.08,351
2022-08-25 17:55:00,21567.98,21573.49,21560.0,21576.8,352
2022-08-25 18:00:00,21573.49,21533.0,21529.9,21589.04,353
2022-08-25 18:05:00,21533.0,21558.3,21531.99,21563.59,354
2022-08-25 18:10:00,21557.3,21558.9,21552.6,21576.92,355
2022-08-25 18:15:00,21558.13,21538.76,21534.67,21558.55,356
2022-08-25 18:20:00,21539.76,21549.66,21518.76,21551.8,357
2022-08-25 18:25:00,21547.94,21561.82,21537.41,21563.71,358
2022-08-25 18:30:00,21561.97,21567.35,21554.86,21570.25,359
2022-08-25 18:35:00,21567.1,21547.88,21540.9,21570.55,360
2022-08-25 18:40:00,21547.52,21547.0,21535.11,21559.73,361
2022-08-25 18:45:00,21546.59,21516.22,21498.0,21548.3,362
2022-08-25 18:50:00,21514.42,21513.94,21506.32,21523.83,363
2022-08-25 18:55:00,21512.44,21537.98,21508.4,21539.52,364
2022-08-25 19:00:00,21539.38,21557.04,21533.21,21557.39,365
2022-08-25 19:05:00,21555.45,21524.65,21521.09,21561.13,366
2022-08-25 19:10:00,21524.09,21561.25,21510.71,21563.27,367
2022-08-25 19:15:00,21560.89,21566.92,21537.6,21569.15,368
2022-08-25 19:20:00,21566.66,21611.12,21565.81,21626.48,369
2022-08-25 19:25:00,21611.14,21615.7,21593.87,21628.37,370
2022-08-25 19:30:00,21615.52,21604.09,21593.34,21619.88,371
2022-08-25 19:35:00,21604.09,21602.68,21593.0,21611.32,372
2022-08-25 19:40:00,21602.64,21644.31,21597.75,21646.03,373
2022-08-25 19:45:00,21644.32,21624.64,21619.25,21647.42,374
2022-08-25 19:50:00,21624.63,21604.5,21582.82,21628.57,375
2022-08-25 19:55:00,21603.67,21603.31,21593.34,21623.63,376
2022-08-25 20:00:00,21603.9,21588.36,21578.85,21615.87,377
2022-08-25 20:05:00,21588.37,21580.53,21577.6,21604.12,378
2022-08-25 20:10:00,21579.18,21577.1,21570.94,21590.47,379
2022-08-25 20:15:00,21578.59,21593.74,21578.59,21598.95,380
2022-08-25 20:20:00,21594.91,21567.11,21561.61,21597.1,381
2022-08-25 20:25:00,21567.12,21572.59,21552.97,21572.59,382
2022-08-25 20:30:00,21572.02,21582.03,21559.82,21585.45,383
2022-08-25 20:35:00,21581.89,21594.86,21579.0,21599.96,384
2022-08-25 20:40:00,21595.2,21633.14,21591.15,21657.07,385
2022-08-25 20:45:00,21633.09,21660.41,21629.53,21674.84,386
2022-08-25 20:50:00,21660.52,21658.72,21643.34,21669.99,387
2022-08-25 20:55:00,21656.72,21648.16,21635.18,21671.42,388
2022-08-25 21:00:00,21648.1,21674.01,21645.59,21684.47,389
2022-08-25 21:05:00,21674.0,21648.7,21645.88,21682.87,390
2022-08-25 21:10:00,21648.68,21624.55,21612.75,21654.08,391
2022-08-25 21:15:00,21625.46,21614.66,21613.84,21629.99,392
2022-08-25 21:20:00,21616.22,21640.91,21610.98,21644.52,393
2022-08-25 21:25:00,21640.91,21641.1,21624.99,21642.87,394
2022-08-25 21:30:00,21639.41,21622.69,21621.23,21649.09,395
2022-08-25 21:35:00,21622.6,21608.31,21587.01,21623.7,396
2022-08-25 21:40:00,21608.26,21604.82,21589.61,21611.84,397
2022-08-25 21:45:00,21605.54,21600.32,21590.65,21613.17,398
2022-08-25 21:50:00,21600.0,21566.51,21558.8,21601.61,399
2022-08-25 21:55:00,21566.87,21583.09,21560.27,21587.04,400
2022-08-25 22:00:00,21582.76,21578.15,21570.51,21604.56,401
2022-08-25 22:05:00,21575.21,21593.08,21540.0,21597.45,402
2022-08-25 22:10:00,21592.58,21577.39,21566.92,21600.3,403
2022-08-25 22:15:00,21577.92,21586.15,21570.33,21597.94,404
2022-08-25 22:20:00,21584.75,21572.16,21555.01,21591.69,405
2022-08-25 22:25:00,21574.88,21583.46,21570.0,21591.49,406
2022-08-25 22:30:00,21583.46,21583.85,21565.7,21591.39,407
2022-08-25 22:35:00,21581.56,21593.66,21580.25,21612.69,408
2022-08-25 22:40:00,21595.58,21609.31,21592.32,21628.7,409
2022-08-25 22:45:00,21607.35,21608.82,21605.51,21628.46,410
2022-08-25 22:50:00,21608.3,21589.08,21568.57,21615.38,411
2022-08-25 22:55:00,21589.0,21575.85,21575.79,21599.98,412
2022-08-25 23:00:00,21576.41,21544.66,21515.38,21591.24,413
2022-08-25 23:05:00,21544.67,21538.11,21534.31,21564.73,414
2022-08-25 23:10:00,21536.68,21539.54,21522.93,21547.5,415
2022-08-25 23:15:00,21539.49,21570.05,21528.83,21575.33,416
2022-08-25 23:20:00,21568.22,21593.44,21561.52,21594.81,417
2022-08-25 23:25:00,21591.32,21602.49,21587.42,21616.81,418
2022-08-25 23:30:00,21600.46,21605.32,21600.28,21612.57,419
2022-08-25 23:35:00,21603.66,21577.07,21576.76,21608.54,420
2022-08-25 23:40:00,21578.4,21588.0,21572.19,21595.59,421
2022-08-25 23:45:00,21587.94,21613.13,21581.69,21622.88,422
2022-08-25 23:50:00,21612.01,21592.02,21586.48,21615.16,423
2022-08-25 23:55:00,21591.84,21561.86,21557.4,21604.84,424
2022-08-26 00:00:00,21561.49,21517.31,21510.88,21561.73,425
2022-08-26 00:05:00,21514.2,21463.7,21449.18,21527.72,426
2022-08-26 00:10:00,21463.69,21500.83,21437.88,21505.32,427
2022-08-26 00:15:00,21498.52,21485.66,21452.0,21510.84,428
2022-08-26 00:20:00,21484.31,21547.86,21478.15,21557.85,429
2022-08-26 00:25:00,21547.86,21529.32,21519.03,21570.19,430
2022-08-26 00:30:00,21526.96,21560.62,21513.86,21567.6,431
2022-08-26 00:35:00,21560.46,21538.41,21534.39,21567.82,432
2022-08-26 00:40:00,21537.3,21522.44,21515.52,21545.29,433
2022-08-26 00:45:00,21522.47,21486.6,21481.03,21523.47,434
2022-08-26 00:50:00,21483.78,21465.45,21431.24,21491.12,435
2022-08-26 00:55:00,21465.41,21474.84,21449.49,21486.57,436
2022-08-26 01:00:00,21477.93,21484.73,21463.46,21510.34,437
2022-08-26 01:05:00,21485.63,21506.2,21480.92,21509.15,438
2022-08-26 01:10:00,21506.37,21514.64,21497.04,21518.31,439
2022-08-26 01:15:00,21515.36,21526.87,21509.46,21530.2,440
2022-08-26 01:20:00,21524.74,21504.68,21502.22,21534.63,441
2022-08-26 01:25:00,21503.84,21511.22,21489.1,21524.29,442
2022-08-26 01:30:00,21510.49,21505.11,21495.57,21516.61,443
2022-08-26 01:35:00,21503.05,21527.89,21497.69,21539.32,444
2022-08-26 01:40:00,21527.81,21533.34,21523.54,21538.78,445
2022-08-26 01:45:00,21532.9,21538.95,21525.0,21554.62,446
2022-08-26 01:50:00,21538.95,21552.26,21537.4,21560.85,447
2022-08-26 01:55:00,21553.84,21558.3,21548.61,21566.27,448
2022-08-26 02:00:00,21559.97,21573.73,21555.57,21590.27,449
2022-08-26 02:05:00,21573.47,21570.8,21569.64,21588.66,450
2022-08-26 02:10:00,21570.67,21573.47,21542.4,21579.39,451
2022-08-26 02:15:00,21574.48,21609.08,21569.87,21610.96,452
2022-08-26 02:20:00,21606.51,21603.58,21590.29,21614.37,453
2022-08-26 02:25:00,21604.87,21601.42,21583.87,21604.87,454
2022-08-26 02:30:00,21599.47,21588.38,21580.01,21607.17,455
2022-08-26 02:35:00,21586.87,21586.7,21579.41,21601.2,456
2022-08-26 02:40:00,21586.7,21583.87,21575.0,21601.14,457
2022-08-26 02:45:00,21580.11,21572.2,21566.81,21581.75,458
2022-08-26 02:50:00,21570.46,21567.01,21555.32,21577.17,459
2022-08-26 02:55:00,21564.64,21601.01,21558.13,21602.17,460
2022-08-26 03:00:00,21600.82,21584.94,21572.07,21610.65,461
2022-08-26 03:05:00,21583.43,21568.27,21563.98,21600.9,462
2022-08-26 03:10:00,21566.84,21571.06,21546.84,21577.41,463
2022-08-26 03:15:00,21571.06,21559.65,21551.35,21574.33,464
2022-08-26 03:20:00,21558.12,21569.07,21557.79,21586.92,465
2022-08-26 03:25:00,21568.53,21583.18,21567.41,21590.0,466
2022-08-26 03:30:00,21581.02,21578.02,21565.91,21589.08,467
2022-08-26 03:35:00,21578.01,21583.91,21569.73,21587.47,468
2022-08-26 03:40:00,21583.31,21570.94,21568.23,21583.81,469
2022-08-26 03:45:00,21569.77,21564.5,21561.44,21575.07,470
2022-08-26 03:50:00,21564.5,21576.96,21552.85,21579.49,471
2022-08-26 03:55:00,21576.49,21551.47,21547.25,21582.21,472
2022-08-26 04:00:00,21551.44,21543.01,21543.01,21558.56,473
2022-08-26 04:05:00,21544.85,21566.55,21541.72,21567.55,474
2022-08-26 04:10:00,21565.91,21552.07,21542.15,21566.45,475
2022-08-26 04:15:00,21551.76,21546.97,21542.09,21560.34,476
2022-08-26 04:20:00,21544.65,21535.21,21530.87,21546.15,477
2022-08-26 04:25:00,21535.21,21517.13,21512.07,21549.12,478
2022-08-26 04:30:00,21517.12,21535.85,21511.14,21543.31,479
2022-08-26 04:35:00,21536.78,21524.77,21516.09,21540.72,480
2022-08-26 04:40:00,21523.72,21527.98,21520.32,21546.14,481
2022-08-26 04:45:00,21526.26,21554.38,21522.74,21559.81,482
2022-08-26 04:50:00,21554.51,21542.24,21533.06,21557.06,483
2022-08-26 04:55:00,21542.2,21531.39,21527.19,21554.37,484
2022-08-26 05:00:00,21529.61,21482.21,21476.21,21536.05,485
2022-08-26 05:05:00,21485.01,21482.46,21479.26,21513.11,486
2022-08-26 05:10:00,21483.63,21473.06,21453.3,21487.42,487
2022-08-26 05:15:00,21474.15,21497.24,21467.84,21516.87,488
2022-08-26 05:20:00,21500.68,21439.57,21437.0,21511.72,489
2022-08-26 05:25:00,21437.01,21357.77,21350.0,21443.53,490
2022-08-26 05:30:00,21362.06,21390.16,21345.72,21401.15,491
2022-08-26 05:35:00,21389.78,21415.76,21389.76,21436.79,492
2022-08-26 05:40:00,21413.53,21418.11,21401.92,21422.71,493
2022-08-26 05:45:00,21417.5,21429.95,21406.84,21430.69,494
2022-08-26 05:50:00,21429.9,21446.14,21422.01,21476.26,495
2022-08-26 05:55:00,21445.1,21406.8,21398.64,21450.54,496
2022-08-26 06:00:00,21406.78,21401.2,21370.0,21419.78,497
2022-08-26 06:05:00,21402.36,21404.5,21383.34,21408.54,498
2022-08-26 06:10:00,21404.3,21439.13,21401.47,21445.14,499
2022-08-26 06:15:00,21438.94,21447.24,21426.51,21449.2,500
2022-08-26 06:20:00,21446.27,21432.85,21427.13,21459.68,501
2022-08-26 06:25:00,21435.48,21442.11,21425.79,21449.06,502
2022-08-26 06:30:00,21441.54,21456.6,21441.53,21467.17,503
2022-08-26 06:35:00,21456.52,21442.52,21420.52,21461.36,504
2022-08-26 06:40:00,21439.59,21412.58,21398.83,21442.73,505
2022-08-26 06:45:00,21413.9,21443.47,21412.58,21448.39,506
2022-08-26 06:50:00,21443.52,21414.0,21406.57,21450.63,507
2022-08-26 06:55:00,21414.08,21426.57,21411.67,21444.49,508
2022-08-26 07:00:00,21424.59,21382.98,21375.67,21444.98,509
2022-08-26 07:05:00,21386.92,21351.55,21325.01,21395.23,510
2022-08-26 07:10:00,21358.63,21366.18,21348.97,21376.04,511
2022-08-26 07:15:00,21365.84,21394.55,21334.46,21398.48,512
2022-08-26 07:20:00,21394.53,21411.36,21389.35,21417.31,513
2022-08-26 07:25:00,21410.92,21415.69,21409.88,21435.49,514
2022-08-26 07:30:00,21415.69,21430.4,21400.95,21431.82,515
2022-08-26 07:35:00,21429.34,21404.03,21401.58,21429.34,516
2022-08-26 07:40:00,21404.03,21401.72,21382.81,21410.45,517
2022-08-26 07:45:00,21401.72,21418.62,21401.19,21421.45,518
2022-08-26 07:50:00,21419.63,21442.8,21414.65,21447.39,519
2022-08-26 07:55:00,21442.08,21455.22,21431.71,21459.18,520
2022-08-26 08:00:00,21455.18,21457.97,21430.69,21459.77,521
2022-08-26 08:05:00,21455.2,21455.54,21445.2,21465.89,522
2022-08-26 08:10:00,21455.54,21448.41,21442.76,21459.18,523
2022-08-26 08:15:00,21448.9,21443.32,21438.25,21453.14,524
2022-08-26 08:20:00,21446.01,21446.73,21434.12,21451.69,525
2022-08-26 08:25:00,21445.19,21417.96,21414.59,21448.44,526
2022-08-26 08:30:00,21419.5,21424.72,21391.45,21427.01,527
2022-08-26 08:35:00,21424.29,21412.07,21407.52,21427.56,528
2022-08-26 08:40:00,21411.34,21425.29,21403.74,21426.79,529
2022-08-26 08:45:00,21427.21,21443.64,21422.15,21455.73,530
2022-08-26 08:50:00,21444.28,21421.69,21421.69,21469.88,531
2022-08-26 08:55:00,21421.22,21416.79,21408.87,21431.96,532
2022-08-26 09:00:00,21416.82,21435.05,21413.46,21436.78,533
2022-08-26 09:05:00,21435.01,21433.88,21407.33,21435.05,534
2022-08-26 09:10:00,21433.71,21449.33,21429.14,21453.31,535
2022-08-26 09:15:00,21449.55,21431.42,21424.24,21449.55,536
2022-08-26 09:20:00,21431.18,21446.0,21417.0,21451.93,537
2022-08-26 09:25:00,21445.76,21446.13,21431.29,21458.35,538
2022-08-26 09:30:00,21449.78,21444.35,21418.88,21453.08,539
2022-08-26 09:35:00,21445.35,21438.49,21428.64,21448.91,540
2022-08-26 09:40:00,21436.28,21435.18,21429.3,21439.3,541
2022-08-26 09:45:00,21435.99,21414.34,21409.18,21437.17,542
2022-08-26 09:50:00,21412.46,21430.68,21411.66,21433.82,543
2022-08-26 09:55:00,21427.55,21438.78,21413.13,21440.0,544
2022-08-26 10:00:00,21438.9,21441.41,21428.7,21448.05,545
2022-08-26 10:05:00,21442.54,21434.09,21425.05,21442.58,546
2022-08-26 10:10:00,21432.93,21414.28,21413.42,21435.0,547
2022-08-26 10:15:00,21415.24,21424.11,21395.0,21429.19,548
2022-08-26 10:20:00,21422.69,21431.16,21410.52,21433.66,549
2022-08-26 10:25:00,21431.65,21415.75,21413.3,21435.84,550
2022-08-26 10:30:00,21414.97,21423.86,21403.31,21428.0,551
2022-08-26 10:35:00,21425.15,21385.69,21350.0,21425.15,552
2022-08-26 10:40:00,21386.26,21407.01,21366.72,21419.36,553
2022-08-26 10:45:00,21404.66,21396.83,21371.65,21409.18,554
2022-08-26 10:50:00,21395.23,21410.94,21383.9,21414.87,555
2022-08-26 10:55:00,21410.87,21395.54,21390.71,21417.47,556
2022-08-26 11:00:00,21395.54,21379.11,21377.69,21417.96,557
2022-08-26 11:05:00,21380.28,21235.13,21120.0,21393.14,558
2022-08-26 11:10:00,21232.84,21203.73,21180.56,21242.63,559
2022-08-26 11:15:00,21200.5,21191.15,21184.97,21246.04,560
2022-08-26 11:20:00,21188.87,21182.46,21164.13,21213.98,561
2022-08-26 11:25:00,21182.36,21185.81,21146.68,21202.35,562
2022-08-26 11:30:00,21183.17,21149.91,21125.63,21185.85,563
2022-08-26 11:35:00,21150.63,21165.65,21109.01,21181.77,564
2022-08-26 11:40:00,21167.55,21164.48,21154.14,21182.74,565
2022-08-26 11:45:00,21164.35,21181.13,21142.19,21194.06,566
2022-08-26 11:50:00,21179.42,21190.02,21159.63,21193.02,567
2022-08-26 11:55:00,21190.43,21193.45,21179.07,21212.23,568
2022-08-26 12:00:00,21191.89,21165.74,21156.26,21214.32,569
2022-08-26 12:05:00,21162.01,21178.96,21159.74,21191.0,570
2022-08-26 12:10:00,21178.54,21207.39,21165.0,21210.04,571
2022-08-26 12:15:00,21206.06,21233.36,21201.18,21236.59,572
2022-08-26 12:20:00,21234.9,21235.44,21212.81,21247.31,573
2022-08-26 12:25:00,21237.54,21295.2,21205.95,21298.5,574
2022-08-26 12:30:00,21293.7,21562.17,21254.69,21684.46,575
2022-08-26 12:35:00,21563.33,21546.42,21473.76,21625.64,576
2022-08-26 12:40:00,21545.27,21509.86,21476.17,21552.25,577
2022-08-26 12:45:00,21504.11,21570.38,21500.0,21582.83,578
2022-08-26 12:50:00,21570.15,21577.45,21523.03,21582.71,579
2022-08-26 12:55:00,21576.66,21640.31,21566.41,21686.47,580
2022-08-26 13:00:00,21642.53,21811.87,21636.75,21878.05,581
2022-08-26 13:05:00,21815.34,21744.45,21729.4,21834.24,582
2022-08-26 13:10:00,21743.66,21808.64,21682.8,21813.69,583
2022-08-26 13:15:00,21809.22,21792.13,21759.72,21828.63,584
2022-08-26 13:20:00,21792.13,21783.59,21711.6,21805.8,585
2022-08-26 13:25:00,21780.82,21779.69,21744.92,21792.22,586
2022-08-26 13:30:00,21776.5,21748.27,21705.62,21795.87,587
2022-08-26 13:35:00,21748.29,21734.13,21687.02,21757.86,588
2022-08-26 13:40:00,21734.09,21730.14,21712.16,21758.54,589
2022-08-26 13:45:00,21727.86,21698.81,21694.8,21740.85,590
2022-08-26 13:50:00,21698.8,21689.56,21623.8,21701.8,591
2022-08-26 13:55:00,21688.8,21752.58,21687.63,21787.23,592
2022-08-26 14:00:00,21752.57,21525.91,21315.22,21766.98,593
2022-08-26 14:05:00,21525.92,21766.34,21506.84,21769.92,594
2022-08-26 14:10:00,21761.76,21635.69,21591.62,21820.0,595
2022-08-26 14:15:00,21630.5,21596.58,21491.33,21650.81,596
2022-08-26 14:20:00,21596.01,21496.7,21443.43,21601.76,597
2022-08-26 14:25:00,21493.44,21447.24,21383.1,21517.41,598
2022-08-26 14:30:00,21443.42,21383.69,21348.4,21443.42,599
2022-08-26 14:35:00,21384.71,21266.01,21219.72,21397.02,600
2022-08-26 14:40:00,21268.25,21286.01,21233.62,21332.42,601
2022-08-26 14:45:00,21283.2,21335.08,21258.01,21341.66,602
2022-08-26 14:50:00,21340.68,21264.65,21247.61,21350.66,603
2022-08-26 14:55:00,21263.58,21157.8,21128.6,21270.12,604
2022-08-26 15:00:00,21156.93,20823.07,20808.12,21161.84,605
2022-08-26 15:05:00,20822.97,20923.76,20801.0,20967.1,606
2022-08-26 15:10:00,20916.23,20845.23,20803.98,20920.87,607
2022-08-26 15:15:00,20845.32,20714.93,20623.0,20854.49,608
2022-08-26 15:20:00,20710.06,20842.68,20664.72,20880.74,609
2022-08-26 15:25:00,20849.98,20806.64,20775.0,20854.23,610
2022-08-26 15:30:00,20806.63,20873.43,20781.78,20875.89,611
2022-08-26 15:35:00,20874.05,20810.92,20781.88,20892.62,612
2022-08-26 15:40:00,20809.74,20770.83,20731.87,20820.96,613
2022-08-26 15:45:00,20769.82,20780.7,20706.21,20815.75,614
2022-08-26 15:50:00,20779.14,20819.94,20760.93,20833.3,615
2022-08-26 15:55:00,20817.58,20777.99,20758.56,20829.91,616
2022-08-26 16:00:00,20779.65,20758.49,20741.82,20807.68,617
2022-08-26 16:05:00,20760.55,20796.18,20754.17,20798.25,618
2022-08-26 16:10:00,20797.84,20827.91,20780.8,20833.1,619
2022-08-26 16:15:00,20829.19,20742.21,20724.52,20831.03,620
2022-08-26 16:20:00,20738.89,20676.25,20550.0,20744.26,621
2022-08-26 16:25:00,20679.15,20586.36,20524.31,20679.67,622
2022-08-26 16:30:00,20581.85,20611.48,20550.13,20637.62,623
2022-08-26 16:35:00,20615.17,20607.26,20595.01,20648.3,624
2022-08-26 16:40:00,20607.22,20642.43,20600.56,20699.6,625
2022-08-26 16:45:00,20645.39,20700.88,20638.64,20701.0,626
2022-08-26 16:50:00,20700.34,20704.11,20671.71,20738.14,627
2022-08-26 16:55:00,20704.44,20720.63,20686.99,20725.81,628
2022-08-26 17:00:00,20721.92,20740.95,20682.97,20765.23,629
2022-08-26 17:05:00,20737.1,20768.26,20732.74,20780.69,630
2022-08-26 17:10:00,20769.03,20719.81,20711.79,20779.22,631
2022-08-26 17:15:00,20719.74,20699.93,20685.0,20747.0,632
2022-08-26 17:20:00,20700.86,20735.27,20691.74,20736.45,633
2022-08-26 17:25:00,20732.79,20716.31,20715.83,20763.55,634
2022-08-26 17:30:00,20716.35,20727.62,20701.79,20744.7,635
2022-08-26 17:35:00,20730.17,20685.68,20674.93,20739.93,636
2022-08-26 17:40:00,20684.51,20683.05,20650.97,20693.17,637
2022-08-26 17:45:00,20685.12,20681.47,20673.27,20712.56,638
2022-08-26 17:50:00,20681.47,20682.8,20640.97,20685.51,639
2022-08-26 17:55:00,20682.8,20652.92,20632.58,20693.17,640
2022-08-26 18:00:00,20649.63,20587.34,20579.84,20672.46,641
2022-08-26 18:05:00,20585.23,20592.3,20533.68,20627.16,642
2022-08-26 18:10:00,20594.25,20651.99,20585.32,20658.97,643
2022-08-26 18:15:00,20651.81,20606.66,20569.09,20651.81,644
2022-08-26 18:20:00,20606.1,20624.02,20584.85,20636.25,645
2022-08-26 18:25:00,20623.99,20583.06,20555.0,20631.31,646
2022-08-26 18:30:00,20582.89,20608.28,20572.49,20616.0,647
2022-08-26 18:35:00,20606.27,20664.81,20595.05,20665.43,648
2022-08-26 18:40:00,20665.45,20726.34,20642.38,20739.59,649
2022-08-26 18:45:00,20728.01,20679.92,20666.36,20737.66,650
2022-08-26 18:50:00,20679.92,20689.02,20662.85,20701.72,651
2022-08-26 18:55:00,20688.96,20693.62,20685.78,20715.92,652
2022-08-26 19:00:00,20691.47,20700.54,20680.57,20730.52,653
2022-08-26 19:05:00,20698.27,20677.48,20659.14,20719.27,654
2022-08-26 19:10:00,20676.74,20697.14,20670.16,20700.26,655
2022-08-26 19:15:00,20695.46,20712.74,20686.3,20734.4,656
2022-08-26 19:20:00,20712.49,20681.41,20649.93,20724.62,657
2022-08-26 19:25:00,20682.48,20656.52,20654.3,20692.93,658
2022-08-26 19:30:00,20654.69,20646.37,20641.88,20676.31,659
2022-08-26 19:35:00,20646.33,20661.53,20633.98,20663.79,660
2022-08-26 19:40:00,20657.6,20634.16,20628.44,20663.44,661
2022-08-26 19:45:00,20634.07,20646.39,20616.64,20662.72,662
2022-08-26 19:50:00,20646.39,20649.19,20631.13,20680.1,663
2022-08-26 19:55:00,20649.18,20642.42,20636.12,20694.17,664
2022-08-26 20:00:00,20639.37,20681.55,20637.94,20687.23,665
2022-08-26 20:05:00,20683.08,20732.42,20678.25,20742.29,666
2022-08-26 20:10:00,20732.15,20737.57,20716.38,20752.79,667
2022-08-26 20:15:00,20737.74,20710.52,20694.64,20742.38,668
2022-08-26 20:20:00,20710.47,20725.7,20701.45,20727.05,669
2022-08-26 20:25:00,20724.05,20707.37,20699.0,20725.96,670
2022-08-26 20:30:00,20706.62,20710.71,20702.57,20748.89,671
2022-08-26 20:35:00,20712.37,20696.39,20679.47,20713.74,672
2022-08-26 20:40:00,20695.71,20686.53,20662.38,20697.86,673
2022-08-26 20:45:00,20688.55,20691.42,20671.8,20708.12,674
2022-08-26 20:50:00,20691.38,20658.61,20644.72,20698.16,675
2022-08-26 20:55:00,20657.33,20646.58,20645.19,20683.93,676
2022-08-26 21:00:00,20646.59,20679.92,20643.19,20684.25,677
2022-08-26 21:05:00,20679.49,20628.8,20617.41,20683.44,678
2022-08-26 21:10:00,20629.01,20667.23,20629.01,20857.82,679
2022-08-26 21:15:00,20665.27,20644.0,20638.76,20672.13,680
2022-08-26 21:20:00,20641.38,20605.04,20605.0,20658.39,681
2022-08-26 21:25:00,20607.22,20592.32,20591.77,20761.75,682
2022-08-26 21:30:00,20592.52,20613.55,20571.57,20764.21,683
2022-08-26 21:35:00,20613.38,20625.29,20593.41,20632.97,684
2022-08-26 21:40:00,20625.76,20650.01,20623.51,20662.53,685
2022-08-26 21:45:00,20648.14,20639.69,20624.04,20649.39,686
2022-08-26 21:50:00,20640.42,20654.3,20628.36,20665.5,687
2022-08-26 21:55:00,20656.19,20645.65,20639.42,20661.66,688
2022-08-26 22:00:00,20644.67,20619.21,20613.25,20646.68,689
2022-08-26 22:05:00,20619.72,20635.27,20619.72,20674.5,690
2022-08-26 22:10:00,20634.2,20650.81,20630.67,20665.34,691
2022-08-26 22:15:00,20649.36,20659.95,20647.26,20674.22,692
2022-08-26 22:20:00,20658.0,20673.76,20656.01,20683.76,693
2022-08-26 22:25:00,20673.76,20660.42,20650.5,20688.4,694
2022-08-26 22:30:00,20658.26,20654.79,20650.27,20678.71,695
2022-08-26 22:35:00,20657.53,20595.06,20590.03,20657.53,696
2022-08-26 22:40:00,20595.0,20612.8,20582.95,20641.64,697
2022-08-26 22:45:00,20614.44,20609.36,20596.72,20633.99,698
2022-08-26 22:50:00,20607.63,20609.03,20604.42,20639.32,699
2022-08-26 22:55:00,20606.79,20618.54,20606.33,20630.33,700
2022-08-26 23:00:00,20616.51,20605.0,20595.49,20635.99,701
2022-08-26 23:05:00,20606.07,20603.86,20557.76,20626.29,702
2022-08-26 23:10:00,20602.35,20335.58,20253.27,20606.55,703
2022-08-26 23:15:00,20328.03,20212.88,20167.99,20357.68,704
2022-08-26 23:20:00,20212.58,20276.87,20201.5,20331.95,705
2022-08-26 23:25:00,20278.65,20296.04,20248.8,20318.56,706
2022-08-26 23:30:00,20297.86,20237.85,20159.95,20311.72,707
2022-08-26 23:35:00,20239.08,20257.16,20202.95,20270.56,708
2022-08-26 23:40:00,20257.08,20231.49,20211.1,20266.57,709
2022-08-26 23:45:00,20232.35,20155.45,20112.78,20232.38,710
2022-08-26 23:50:00,20155.43,20209.99,20143.88,20224.48,711
2022-08-26 23:55:00,20209.98,20240.72,20204.19,20262.11,712
2022-08-27 00:00:00,20240.63,20232.52,20169.63,20245.12,713
2022-08-27 00:05:00,20230.05,20151.84,20147.56,20244.87,714
2022-08-27 00:10:00,20156.41,20197.47,20143.43,20211.42,715
2022-08-27 00:15:00,20197.46,20219.81,20171.81,20220.0,716
2022-08-27 00:20:00,20219.21,20253.52,20212.55,20271.27,717
2022-08-27 00:25:00,20253.18,20279.13,20249.45,20279.23,718
2022-08-27 00:30:00,20277.67,20334.53,20257.3,20389.14,719
2022-08-27 00:35:00,20334.53,20306.67,20290.3,20343.72,720
2022-08-27 00:40:00,20305.06,20329.04,20291.34,20335.15,721
2022-08-27 00:45:00,20325.15,20340.06,20315.35,20343.0,722
2022-08-27 00:50:00,20339.53,20304.7,20289.76,20341.97,723
2022-08-27 00:55:00,20303.7,20312.7,20298.56,20327.13,724
2022-08-27 01:00:00,20312.53,20300.13,20296.19,20337.17,725
2022-08-27 01:05:00,20299.92,20319.24,20283.35,20339.21,726
2022-08-27 01:10:00,20320.61,20311.81,20288.43,20333.07,727
2022-08-27 01:15:00,20311.77,20307.45,20289.36,20316.36,728
2022-08-27 01:20:00,20305.99,20255.66,20250.0,20306.27,729
2022-08-27 01:25:00,20255.65,20265.76,20255.65,20288.38,730
2022-08-27 01:30:00,20265.75,20294.09,20253.57,20298.18,731
2022-08-27 01:35:00,20293.24,20283.46,20277.46,20300.31,732
2022-08-27 01:40:00,20281.91,20267.02,20261.4,20293.35,733
2022-08-27 01:45:00,20268.47,20298.45,20257.6,20301.37,734
2022-08-27 01:50:00,20297.72,20316.51,20293.3,20319.04,735
2022-08-27 01:55:00,20312.41,20280.92,20277.53,20312.41,736
2022-08-27 02:00:00,20280.9,20286.01,20261.44,20295.92,737
2022-08-27 02:05:00,20285.18,20268.29,20246.87,20285.18,738
2022-08-27 02:10:00,20267.72,20262.47,20253.19,20281.36,739
2022-08-27 02:15:00,20262.47,20277.84,20250.02,20297.23,740
2022-08-27 02:20:00,20279.97,20245.04,20218.24,20283.64,741
2022-08-27 02:25:00,20247.56,20218.37,20214.02,20249.58,742
2022-08-27 02:30:00,20218.11,20196.03,20164.7,20236.74,743
2022-08-27 02:35:00,20195.15,20171.39,20135.0,20197.47,744
2022-08-27 02:40:00,20171.48,20263.69,20164.58,20278.57,745
2022-08-27 02:45:00,20263.54,20260.2,20251.22,20285.72,746
2022-08-27 02:50:00,20258.21,20230.62,20208.91,20261.44,747
2022-08-27 02:55:00,20231.26,20209.75,20205.15,20252.37,748
2022-08-27 03:00:00,20206.48,20217.67,20199.77,20235.07,749
2022-08-27 03:05:00,20215.75,20229.99,20208.8,20233.93,750
2022-08-27 03:10:00,20229.45,20223.17,20217.69,20247.9,751
2022-08-27 03:15:00,20222.55,20202.46,20192.15,20236.47,752
2022-08-27 03:20:00,20201.44,20217.28,20200.19,20225.05,753
2022-08-27 03:25:00,20215.46,20206.08,20193.56,20226.07,754
2022-08-27 03:30:00,20203.34,20219.66,20188.0,20224.8,755
2022-08-27 03:35:00,20219.65,20224.34,20194.01,20224.34,756
2022-08-27 03:40:00,20222.29,20240.73,20219.6,20247.65,757
2022-08-27 03:45:00,20240.56,20240.09,20226.56,20249.79,758
2022-08-27 03:50:00,20240.05,20238.87,20208.99,20250.81,759
2022-08-27 03:55:00,20241.33,20204.65,20200.61,20243.19,760
2022-08-27 04:00:00,20204.43,20191.01,20178.86,20216.66,761
2022-08-27 04:05:00,20190.73,20207.61,20190.73,20234.18,762
2022-08-27 04:10:00,20207.56,20165.0,20161.81,20212.0,763
2022-08-27 04:15:00,20165.0,20166.99,20156.48,20184.88,764
2022-08-27 04:20:00,20163.62,20184.04,20146.95,20185.82,765
2022-08-27 04:25:00,20181.75,20183.85,20153.55,20205.37,766
2022-08-27 04:30:00,20183.85,20185.28,20174.27,20190.43,767
2022-08-27 04:35:00,20187.23,20187.84,20180.66,20202.64,768
2022-08-27 04:40:00,20186.53,20164.84,20154.67,20190.48,769
2022-08-27 04:45:00,20166.22,20147.03,20136.51,20178.91,770
2022-08-27 04:50:00,20144.01,20168.39,20120.19,20174.36,771
2022-08-27 04:55:00,20165.55,20149.97,20141.55,20177.54,772
2022-08-27 05:00:00,20149.8,20163.05,20132.21,20164.05,773
2022-08-27 05:05:00,20162.72,20116.36,20050.0,20166.8,774
2022-08-27 05:10:00,20112.27,19993.73,19932.42,20119.34,775
2022-08-27 05:15:00,19995.71,20064.14,19969.59,20099.92,776
2022-08-27 05:20:00,20059.74,20075.33,20029.18,20080.74,777
2022-08-27 05:25:00,20075.23,20097.31,20072.43,20118.52,778
2022-08-27 05:30:00,20094.84,20082.21,20053.88,20115.47,779
2022-08-27 05:35:00,20078.48,20031.77,20020.25,20078.51,780
2022-08-27 05:40:00,20029.93,20001.09,19992.4,20036.19,781
2022-08-27 05:45:00,20002.23,20043.95,19992.95,20059.35,782
2022-08-27 05:50:00,20043.9,20102.88,20040.85,20115.01,783
2022-08-27 05:55:00,20103.05,20132.2,20091.6,20151.07,784
2022-08-27 06:00:00,20130.51,20129.27,20106.91,20156.15,785
2022-08-27 06:05:00,20129.66,20141.78,20102.88,20161.9,786
2022-08-27 06:10:00,20139.98,20131.62,20112.21,20155.78,787
2022-08-27 06:15:00,20129.93,20111.06,20107.01,20162.46,788
2022-08-27 06:20:00,20112.35,20117.86,20095.03,20120.8,789
2022-08-27 06:25:00,20116.19,20121.33,20102.05,20133.04,790
2022-08-27 06:30:00,20118.91,20142.55,20113.01,20152.77,791
2022-08-27 06:35:00,20142.46,20179.21,20142.36,20247.12,792
2022-08-27 06:40:00,20176.64,20142.0,20132.06,20199.26,793
2022-08-27 06:45:00,20141.79,20141.3,20127.03,20156.78,794
2022-08-27 06:50:00,20141.34,20165.97,20128.84,20166.85,795
2022-08-27 06:55:00,20164.09,20165.52,20145.65,20167.43,796
2022-08-27 07:00:00,20165.52,20178.13,20149.63,20187.88,797
2022-08-27 07:05:00,20179.93,20164.37,20150.24,20179.93,798
2022-08-27 07:10:00,20166.07,20145.81,20139.73,20174.37,799
2022-08-27 07:15:00,20146.27,20141.07,20133.23,20162.14,800
2022-08-27 07:20:00,20140.66,20192.7,20138.16,20193.85,801
2022-08-27 07:25:00,20189.1,20201.2,20165.41,20209.16,802
2022-08-27 07:30:00,20199.7,20220.82,20189.6,20230.76,803
2022-08-27 07:35:00,20224.68,20230.3,20207.06,20230.37,804
2022-08-27 07:40:00,20227.38,20225.54,20213.92,20234.92,805
2022-08-27 07:45:00,20223.95,20226.15,20205.25,20235.75,806
2022-08-27 07:50:00,20226.09,20260.32,20219.43,20267.06,807
2022-08-27 07:55:00,20258.69,20273.38,20244.67,20283.29,808
2022-08-27 08:00:00,20271.7,20247.18,20242.3,20281.11,809
2022-08-27 08:05:00,20247.18,20252.35,20245.33,20270.4,810
2022-08-27 08:10:00,20251.3,20252.69,20245.8,20261.45,811
2022-08-27 08:15:00,20252.29,20260.86,20228.72,20262.26,812
2022-08-27 08:20:00,20260.9,20254.95,20246.29,20267.93,813
2022-08-27 08:25:00,20253.44,20275.23,20252.9,20275.23,814
2022-08-27 08:30:00,20273.65,20265.91,20248.11,20276.01,815
2022-08-27 08:35:00,20269.78,20263.68,20245.36,20273.93,816
2022-08-27 08:40:00,20264.05,20255.96,20247.85,20264.05,817
2022-08-27 08:45:00,20255.96,20237.81,20222.88,20256.94,818
2022-08-27 08:50:00,20237.43,20218.82,20212.95,20243.57,819
2022-08-27 08:55:00,20219.62,20204.14,20189.59,20221.63,820
2022-08-27 09:00:00,20204.15,20199.1,20178.68,20207.29,821
2022-08-27 09:05:00,20199.27,20202.75,20172.14,20202.84,822
2022-08-27 09:10:00,20201.86,20185.61,20180.47,20215.41,823
2022-08-27 09:15:00,20184.32,20168.26,20157.6,20189.18,824
2022-08-27 09:20:00,20168.26,20162.38,20146.56,20177.54,825
2022-08-27 09:25:00,20162.63,20150.12,20138.9,20170.87,826
2022-08-27 09:30:00,20147.27,20169.19,20141.12,20179.1,827
2022-08-27 09:35:00,20169.98,20170.95,20163.41,20180.33,828
2022-08-27 09:40:00,20172.01,20177.09,20163.24,20188.06,829
2022-08-27 09:45:00,20172.58,20166.35,20147.96,20177.87,830
2022-08-27 09:50:00,20165.99,20155.73,20147.96,20175.47,831
2022-08-27 09:55:00,20155.57,20153.83,20150.77,20168.46,832
2022-08-27 10:00:00,20151.85,20175.2,20147.8,20178.2,833
2022-08-27 10:05:00,20174.07,20188.6,20171.72,20207.2,834
2022-08-27 10:10:00,20186.52,20208.57,20181.64,20220.15,835
2022-08-27 10:15:00,20207.43,20212.64,20184.8,20213.52,836
2022-08-27 10:20:00,20210.74,20229.5,20208.23,20245.64,837
2022-08-27 10:25:00,20229.63,20210.72,20196.49,20232.17,838
2022-08-27 10:30:00,20210.52,20197.73,20188.55,20214.62,839
2022-08-27 10:35:00,20199.38,20217.68,20196.63,20226.56,840
2022-08-27 10:40:00,20219.35,20218.74,20212.31,20234.16,841
2022-08-27 10:45:00,20217.05,20218.09,20208.34,20230.9,842
2022-08-27 10:50:00,20217.37,20211.8,20199.23,20224.65,843
2022-08-27 10:55:00,20211.8,20182.48,20181.22,20218.87,844
2022-08-27 11:00:00,20182.71,20211.14,20168.97,20212.45,845
2022-08-27 11:05:00,20211.97,20197.79,20191.12,20217.14,846
2022-08-27 11:10:00,20196.24,20190.98,20188.63,20205.64,847
2022-08-27 11:15:00,20190.96,20178.46,20175.6,20208.43,848
2022-08-27 11:20:00,20176.93,20176.01,20173.98,20200.27,849
2022-08-27 11:25:00,20176.4,20187.75,20171.95,20188.36,850
2022-08-27 11:30:00,20187.72,20211.92,20181.66,20216.63,851
2022-08-27 11:35:00,20208.17,20220.85,20205.96,20234.56,852
2022-08-27 11:40:00,20220.82,20228.88,20198.79,20237.32,853
2022-08-27 11:45:00,20226.43,20216.7,20211.08,20230.12,854
2022-08-27 11:50:00,20216.11,20251.17,20213.59,20257.58,855
2022-08-27 11:55:00,20253.15,20215.8,20206.12,20255.01,856
2022-08-27 12:00:00,20214.26,20219.91,20202.0,20227.57,857
2022-08-27 12:05:00,20218.05,20218.02,20206.13,20225.45,858
2022-08-27 12:10:00,20216.32,20233.21,20216.31,20240.46,859
2022-08-27 12:15:00,20234.37,20233.41,20218.86,20237.13,860
2022-08-27 12:20:00,20234.69,20227.62,20225.03,20249.08,861
2022-08-27 12:25:00,20227.01,20207.59,20200.01,20229.68,862
2022-08-27 12:30:00,20204.62,20189.58,20188.33,20210.73,863
2022-08-27 12:35:00,20188.28,20194.75,20184.0,20196.58,864
